{
  "metadata": {
    "total_algorithms": 0,
    "best_score": 4.4006251654732536,
    "timestamp": 1768107720.6307771
  },
  "algorithms": []
}