{
  "score": 4.4006251654732536,
  "code_hash": "3116548c64751ea0",
  "code_length": 1579,
  "timestamp": 1768107720.63149
}