{
  "score": 4.562500289694966,
  "code_hash": "8cce30d67fc0b433",
  "code_length": 1609,
  "timestamp": 1768361323.94711
}